{"filter":false,"title":"busqueda.json","tooltip":"/busqueda.json","undoManager":{"mark":16,"position":16,"stack":[[{"start":{"row":0,"column":0},"end":{"row":65,"column":26},"action":"insert","lines":["let json = [","  {","    nombre: \"Carlos Fernando\",","    datos: {","      Puesto: \"programador\",","      Id: 95","    }","  },","  {","    nombre: \"Luis Fernando\",","    datos: {","      Puesto: \"programador\",","      Id: 98","    }","  },","  {","    nombre: \"Carlos Hernandez\",","    datos: {","      Puesto: \"programador\",","      Id: 100","    }","  }","];","","","// el erray de los nombres seleccionados","let seleccionados = [];","// cada vez que el valor del elemento input cambia","buscador.addEventListener(\"input\", () => {","  //vacia el array de los nombres seleccionados","  seleccionados.length = 0;","  //para más eficiencia crea un nuevo fragmento","  let fragment = document.createDocumentFragment();","  //recuoera el valor del input y guardalo en una variable","  let elValor = buscador.value;","  //si hay un valor","  if (elValor.length > 0) {","  // busca en el json si el nombre incluye (o empieza por) el valor","    json.forEach(j => {","      //if(j.nombre.startsWith(elValor))","      if (j.nombre.includes(elValor)) {","        // si lo incluye agregalo al array de los seleccionados","        seleccionados.push(j.nombre);","      }","    });","    //para cada elemento selccionado","    seleccionados.forEach(s => {","    //crea un nuevo elemento p","      let p = document.createElement(\"p\");","      //cuyo innerHTML es el nombre seleccionado","      p.innerHTML = s;","      //y agregalo al fragmento","      fragment.appendChild(p);","    });","    //vacía el resultado ","    resultado.innerHTML = \"\";","    //agrega el fragmento al resultado","    resultado.appendChild(fragment);","  }","});","<div id=\"buscar\">","<form>","    <input type=\"text\" id=\"buscador\" name=\"name\" placeholder=\"busca\" autocomplete=\"off\" />","</form>","</div>","<div id=\"resultado\"></div>"],"id":1}],[{"start":{"row":2,"column":13},"end":{"row":2,"column":28},"action":"remove","lines":["Carlos Fernando"],"id":2},{"start":{"row":2,"column":13},"end":{"row":2,"column":14},"action":"insert","lines":["a"]},{"start":{"row":2,"column":14},"end":{"row":2,"column":15},"action":"insert","lines":["n"]},{"start":{"row":2,"column":15},"end":{"row":2,"column":16},"action":"insert","lines":["d"]},{"start":{"row":2,"column":16},"end":{"row":2,"column":17},"action":"insert","lines":["r"]},{"start":{"row":2,"column":17},"end":{"row":2,"column":18},"action":"insert","lines":["e"]},{"start":{"row":2,"column":18},"end":{"row":2,"column":19},"action":"insert","lines":["a"]}],[{"start":{"row":4,"column":15},"end":{"row":4,"column":26},"action":"remove","lines":["programador"],"id":3},{"start":{"row":4,"column":15},"end":{"row":4,"column":16},"action":"insert","lines":["p"]},{"start":{"row":4,"column":16},"end":{"row":4,"column":17},"action":"insert","lines":["a"]},{"start":{"row":4,"column":17},"end":{"row":4,"column":18},"action":"insert","lines":["n"]},{"start":{"row":4,"column":18},"end":{"row":4,"column":19},"action":"insert","lines":["t"]},{"start":{"row":4,"column":19},"end":{"row":4,"column":20},"action":"insert","lines":["a"]},{"start":{"row":4,"column":20},"end":{"row":4,"column":21},"action":"insert","lines":["l"]},{"start":{"row":4,"column":21},"end":{"row":4,"column":22},"action":"insert","lines":["o"]},{"start":{"row":4,"column":22},"end":{"row":4,"column":23},"action":"insert","lines":["n"]}],[{"start":{"row":4,"column":23},"end":{"row":4,"column":24},"action":"insert","lines":["e"],"id":4},{"start":{"row":4,"column":24},"end":{"row":4,"column":25},"action":"insert","lines":["s"]}],[{"start":{"row":4,"column":25},"end":{"row":4,"column":26},"action":"insert","lines":[" "],"id":5}],[{"start":{"row":4,"column":25},"end":{"row":4,"column":26},"action":"remove","lines":[" "],"id":6}],[{"start":{"row":9,"column":13},"end":{"row":9,"column":26},"action":"remove","lines":["Luis Fernando"],"id":7},{"start":{"row":9,"column":13},"end":{"row":9,"column":14},"action":"insert","lines":["a"]},{"start":{"row":9,"column":14},"end":{"row":9,"column":15},"action":"insert","lines":["n"]},{"start":{"row":9,"column":15},"end":{"row":9,"column":16},"action":"insert","lines":["d"]},{"start":{"row":9,"column":16},"end":{"row":9,"column":17},"action":"insert","lines":["r"]},{"start":{"row":9,"column":17},"end":{"row":9,"column":18},"action":"insert","lines":["e"]},{"start":{"row":9,"column":18},"end":{"row":9,"column":19},"action":"insert","lines":["a"]}],[{"start":{"row":11,"column":15},"end":{"row":11,"column":26},"action":"remove","lines":["programador"],"id":8},{"start":{"row":11,"column":15},"end":{"row":11,"column":16},"action":"insert","lines":["b"]},{"start":{"row":11,"column":16},"end":{"row":11,"column":17},"action":"insert","lines":["l"]},{"start":{"row":11,"column":17},"end":{"row":11,"column":18},"action":"insert","lines":["u"]},{"start":{"row":11,"column":18},"end":{"row":11,"column":19},"action":"insert","lines":["s"]},{"start":{"row":11,"column":19},"end":{"row":11,"column":20},"action":"insert","lines":["a"]},{"start":{"row":11,"column":20},"end":{"row":11,"column":21},"action":"insert","lines":["s"]}],[{"start":{"row":11,"column":21},"end":{"row":11,"column":22},"action":"insert","lines":[" "],"id":9},{"start":{"row":11,"column":22},"end":{"row":11,"column":23},"action":"insert","lines":["p"]},{"start":{"row":11,"column":23},"end":{"row":11,"column":24},"action":"insert","lines":["a"]},{"start":{"row":11,"column":24},"end":{"row":11,"column":25},"action":"insert","lines":["r"]},{"start":{"row":11,"column":25},"end":{"row":11,"column":26},"action":"insert","lines":["a"]}],[{"start":{"row":11,"column":26},"end":{"row":11,"column":27},"action":"insert","lines":[" "],"id":10},{"start":{"row":11,"column":27},"end":{"row":11,"column":28},"action":"insert","lines":["d"]},{"start":{"row":11,"column":28},"end":{"row":11,"column":29},"action":"insert","lines":["a"]},{"start":{"row":11,"column":29},"end":{"row":11,"column":30},"action":"insert","lines":["m"]},{"start":{"row":11,"column":30},"end":{"row":11,"column":31},"action":"insert","lines":["a"]}],[{"start":{"row":16,"column":13},"end":{"row":16,"column":29},"action":"remove","lines":["Carlos Hernandez"],"id":11},{"start":{"row":16,"column":13},"end":{"row":16,"column":14},"action":"insert","lines":["q"]},{"start":{"row":16,"column":14},"end":{"row":16,"column":15},"action":"insert","lines":["u"]},{"start":{"row":16,"column":15},"end":{"row":16,"column":16},"action":"insert","lines":["i"]},{"start":{"row":16,"column":16},"end":{"row":16,"column":17},"action":"insert","lines":["e"]},{"start":{"row":16,"column":17},"end":{"row":16,"column":18},"action":"insert","lines":["n"]},{"start":{"row":16,"column":18},"end":{"row":16,"column":19},"action":"insert","lines":["e"]},{"start":{"row":16,"column":19},"end":{"row":16,"column":20},"action":"insert","lines":["s"]}],[{"start":{"row":16,"column":20},"end":{"row":16,"column":21},"action":"insert","lines":[" "],"id":12}],[{"start":{"row":16,"column":20},"end":{"row":16,"column":21},"action":"remove","lines":[" "],"id":13}],[{"start":{"row":16,"column":20},"end":{"row":16,"column":21},"action":"insert","lines":[" "],"id":14},{"start":{"row":16,"column":21},"end":{"row":16,"column":22},"action":"insert","lines":["s"]},{"start":{"row":16,"column":22},"end":{"row":16,"column":23},"action":"insert","lines":["o"]},{"start":{"row":16,"column":23},"end":{"row":16,"column":24},"action":"insert","lines":["m"]},{"start":{"row":16,"column":24},"end":{"row":16,"column":25},"action":"insert","lines":["o"]},{"start":{"row":16,"column":25},"end":{"row":16,"column":26},"action":"insert","lines":["s"]}],[{"start":{"row":18,"column":15},"end":{"row":18,"column":26},"action":"remove","lines":["programador"],"id":15},{"start":{"row":18,"column":15},"end":{"row":18,"column":16},"action":"insert","lines":["¿"]},{"start":{"row":18,"column":16},"end":{"row":18,"column":17},"action":"insert","lines":["Q"]},{"start":{"row":18,"column":17},"end":{"row":18,"column":18},"action":"insert","lines":["u"]},{"start":{"row":18,"column":18},"end":{"row":18,"column":19},"action":"insert","lines":["i"]},{"start":{"row":18,"column":19},"end":{"row":18,"column":20},"action":"insert","lines":["e"]},{"start":{"row":18,"column":20},"end":{"row":18,"column":21},"action":"insert","lines":["n"]},{"start":{"row":18,"column":21},"end":{"row":18,"column":22},"action":"insert","lines":["e"]}],[{"start":{"row":18,"column":22},"end":{"row":18,"column":23},"action":"insert","lines":["s"],"id":16}],[{"start":{"row":18,"column":23},"end":{"row":18,"column":24},"action":"insert","lines":[" "],"id":17},{"start":{"row":18,"column":24},"end":{"row":18,"column":25},"action":"insert","lines":["s"]},{"start":{"row":18,"column":25},"end":{"row":18,"column":26},"action":"insert","lines":["o"]},{"start":{"row":18,"column":26},"end":{"row":18,"column":27},"action":"insert","lines":["m"]},{"start":{"row":18,"column":27},"end":{"row":18,"column":28},"action":"insert","lines":["o"]},{"start":{"row":18,"column":28},"end":{"row":18,"column":29},"action":"insert","lines":["s"]}]]},"ace":{"folds":[],"scrolltop":212,"scrollleft":0,"selection":{"start":{"row":18,"column":29},"end":{"row":18,"column":29},"isBackwards":false},"options":{"guessTabSize":true,"useWrapMode":false,"wrapToView":true},"firstLineState":{"row":14,"state":"start","mode":"ace/mode/json"}},"timestamp":1619148909389,"hash":"dc1cef512f150501648aea7ce7238c35ee983c36"}